RMSE,NSE,PBIAS,KGE,split
1.2216928905598445,0.6703488217206891,3.8589674534298237,0.6931480826584691,test
0.750172667454541,0.8232047448741691,-2.9801534448486233,0.8890927388148031,train
1.085342657313029,0.6701387567104984,-0.890078130184761,0.7079890976192305,val
